Workbook

Sheet Sheet1
B2: YEARLY SALES REPORT
A3: S/NO. | B3: Date | C3: Year | D3: Sales Rep | E3: Quantity Sold | F3: Amount (₦)
A4: 1 | B4: 40193 | C4: 2010 | D4: Ahmed | E4: 120 | F4: 12000
A5: =1+A4 -> 2 | B5: 40231 | C5: 2010 | D5: Bisi | E5: 95 | F5: 9500
A6: =1+A5 -> 3 | B6: 40247 | C6: 2010 | D6: Chinedu | E6: 140 | F6: 15400
A7: =1+A6 -> 4 | B7: 40286 | C7: 2010 | D7: David | E7: 80 | F7: 7200
A8: =1+A7 -> 5 | B8: 40323 | C8: 2010 | D8: Esther | E8: 110 | F8: 11000
A9: =1+A8 -> 6 | B9: 40325 | C9: 2010 | D9: Bisi | E9: 100 | F9: 14500
A10: =1+A9 -> 7 | B10: 40706 | C10: 2011 | D10: Ahmed | E10: 130 | F10: 13650
A11: =1+A10 -> 8 | B11: 40707 | C11: 2011 | D11: Chinedu | E11: 55 | F11: 12000
A12: =1+A11 -> 9 | B12: 40743 | C12: 2011 | D12: Bisi | E12: 100 | F12: 10300
A13: =1+A12 -> 10 | B13: 40763 | C13: 2011 | D13: Chinedu | E13: 150 | F13: 16800
A14: =1+A13 -> 11 | B14: 40800 | C14: 2011 | D14: David | E14: 90 | F14: 8100
A15: =1+A14 -> 12 | B15: 40801 | C15: 2011 | D15: Ahmed | E15: 88 | F15: 10000
A16: =1+A15 -> 13 | B16: 40846 | C16: 2011 | D16: Esther | E16: 118 | F16: 12390
... A23: =1+A22 -> 20 | B23: 41059 | C23: 2012 | D23: David | E23: 50 | F23: 13750

Sheet Sheet2
C4: Sum Of Sales by Years | H4: FUNCTIONS | L4: COUNTIF | M4: Condition | N4: Tracts Per Rep
B5: Sales Rep | C5: 2010 | D5: 2011 | E5: 2012 | F5: Total Sales Per Rep | I5: Quantity sold | J5: Amount | M5: Ahmed | N5: =COUNTIF(Sheet1!D4:E23,"Ahmed") -> 4
B6: Ahmed | C6: =Sheet1!F4 -> 12000 | D6: =Sheet1!F10+Sheet1!F15 -> 23650 | E6: =Sheet1!F17 -> 14490 | F6: =SUM(C6:E6) -> 50140 | H6: SUM | I6: =SUM(Sheet1!E4:E23) -> 2156 | J6: =SUM(Sheet1!F4:F23) -> 247546 | M6: Bisi | N6: =COUNTIF(Sheet1!D4:E23,"Bisi") -> 4
B7: Bisi | C7: =Sheet1!F5+Sheet1!F9 -> 24000 | D7: =Sheet1!F12 -> 10300 | E7: =Sheet1!F18 -> 10920 | F7: =SUM(C7:E7) -> 45220 | H7: MINIMUM | I7: =MIN(Sheet1!E4:E23) -> 50 | J7: =MIN(Sheet1!F4:F23) -> 7200 | M7: Chinedu | N7: =COUNTIF(Sheet1!D4:E23,"Chinedu") -> 4
B8: Chinedu | C8: =Sheet1!F6 -> 15400 | D8: =Sheet1!F11+Sheet1!F13 -> 28800 | E8: =Sheet1!F20 -> 18240 | F8: =SUM(C8:E8) -> 62440 | H8: MAXIMUM | I8: =MAX(Sheet1!E4:E23) -> 160 | J8: =MAX(Sheet1!F4:F23) -> 18240 | M8: David | N8: =COUNTIF(Sheet1!D4:E23,"David") -> 4
B9: David | C9: =Sheet1!F7 -> 7200 | D9: =Sheet1!F14 -> 8100 | E9: =Sheet1!F21+Sheet1!F23 -> 22306 | F9: =SUM(C9:E9) -> 37606 | H9: AVERAGE | I9: =AVERAGE(Sheet1!E4:E23) -> 107.8 | J9: =AVERAGE(Sheet1!F4:F23) -> 12377.3 | M9: Esther | N9: =COUNTIF(Sheet1!D4:E23,"Esther") -> 4
B10: Esther | C10: =Sheet1!F8 -> 11000 | D10: =Sheet1!F16 -> 12390 | E10: =Sheet1!F19+Sheet1!F22 -> 28750 | F10: =SUM(C10:E10) -> 52140 | H10: COUNT | I10: =COUNT(Sheet1!E4:E23) -> 20 | J10: =COUNT(Sheet1!F4:F23) -> 20 | M10: Total | N10: =SUM(N5:N9) -> 20
H11: COUNTA | I11: =COUNTA(Sheet1!E4:E23) -> 20 | J11: =COUNTA(Sheet1!F4:F23) -> 20
C13: Quantity Sold per Year
B14: Sales Rep | C14: 2010 | D14: 2011 | E14: 2012 | K14: SUMIF | L14: Condition | M14: Quantity | N14: Rev Per Rep
B15: Ahmed | C15: =SUMIF(Sheet1!D4:E9,"Ahmed",Sheet1!E4:E9) -> 120 | D15: =SUMIF(Sheet1!D10:E16,"Ahmed",Sheet1!E10:E16) -> 218 | E15: =SUMIF(Sheet1!D17:E23,"Ahmed",Sheet1!E17:E23) -> 138 | L15: Ahmed | M15: =SUMIF(Sheet1!D4:E23,"Ahmed",Sheet1!E4:E23) -> 476 | N15: =SUMIF(Sheet1!D4:F23,"Ahmed",Sheet1!F4:F23) -> 50140
B16: Bisi | C16: =SUMIF(Sheet1!D5:E10,"Bisi",Sheet1!E5:E10) -> 195 | D16: =SUMIF(Sheet1!D10:E16,"Bisi",Sheet1!E10:E16) -> 100 | E16: =SUMIF(Sheet1!D17:E23,"Bisi",Sheet1!E17:E23) -> 105 | L16: Bisi | M16: =SUMIF(Sheet1!D4:E23,"Bisi",Sheet1!E4:E23) -> 400 | N16: =SUMIF(Sheet1!D4:F23,"Bisi",Sheet1!F4:F23) -> 45220
B17: Chinedu | C17: =SUMIF(Sheet1!D4:E9,"Chinedu",Sheet1!E4:E9) -> 140 | D17: =SUMIF(Sheet1!D10:E16,"Chinedu",Sheet1!E10:E16) -> 205 | E17: =SUMIF(Sheet1!D17:E23,"Chinedu",Sheet1!E17:E23) -> 160 | L17: Chinedu | M17: =SUMIF(Sheet1!D4:E23,"Chinedu",Sheet1!E4:E23) -> 505 | N17: =SUMIF(Sheet1!D4:F23,"Chinedu",Sheet1!F4:F23) -> 62440
B18: David | C18: =SUMIF(Sheet1!D4:E9,"David",Sheet1!E4:E9) -> 80 | D18: =SUMIF(Sheet1!D10:E16,"David",Sheet1!E10:E16) -> 90 | E18: =SUMIF(Sheet1!D17:E23,"David",Sheet1!E17:E23) -> 142 | L18: David | M18: =SUMIF(Sheet1!D4:E23,"David",Sheet1!E4:E23) -> 312 | N18: =SUMIF(Sheet1!D4:E23,"David",Sheet1!F4:F23) -> 37606
B19: Esther | C19: =SUMIF(Sheet1!D4:E9,"Esther",Sheet1!E4:E9) -> 110 | D19: =SUMIF(Sheet1!D10:E16,"Esther",Sheet1!E10:E16) -> 118 | E19: =SUMIF(Sheet1!D17:E23,"Esther",Sheet1!E17:E23) -> 235 | L19: Esther | M19: =SUMIF(Sheet1!D4:E23,"Esther",Sheet1!E4:E23) -> 463 | N19: =SUMIF(Sheet1!D4:F23,"Esther",Sheet1!F4:F23) -> 52140
B20: Total | C20: =SUM(C15:C19) -> 645 | D20: =SUM(D15:D19) -> 731 | E20: =SUM(E15:E19) -> 780 | L20: Total | M20: =SUM(M15:M19) -> 2156 | N20: =SUM(N15:N19) -> 247546
B21: Average | C21: =AVERAGE(C15:C19) -> 129 | D21: =AVERAGE(D15:D19) -> 146.2 | E21: =AVERAGE(E15:E19) -> 156
